id;title;gender;other_names;description;picture;picture_content_type
1;than pointless;MALE;though;../fake-data/blob/hipster.txt;../fake-data/blob/hipster.png;image/png
2;ouch playfully;FEMALE;righteously notwithstanding;../fake-data/blob/hipster.txt;../fake-data/blob/hipster.png;image/png
3;concrete;ALL;gah;../fake-data/blob/hipster.txt;../fake-data/blob/hipster.png;image/png
4;when;MALE;athwart tap hospitalisation;../fake-data/blob/hipster.txt;../fake-data/blob/hipster.png;image/png
5;truly weatherise menacing;ALL;mmm zigzag yet;../fake-data/blob/hipster.txt;../fake-data/blob/hipster.png;image/png
6;haunting evenly drat;ALL;nor consideration;../fake-data/blob/hipster.txt;../fake-data/blob/hipster.png;image/png
7;joyfully bah joshingly;ALL;ouch frank;../fake-data/blob/hipster.txt;../fake-data/blob/hipster.png;image/png
8;figure psst junket;FEMALE;or;../fake-data/blob/hipster.txt;../fake-data/blob/hipster.png;image/png
9;course mast pink;ALL;offensively murky;../fake-data/blob/hipster.txt;../fake-data/blob/hipster.png;image/png
10;fooey gadzooks;FEMALE;uncle;../fake-data/blob/hipster.txt;../fake-data/blob/hipster.png;image/png
